post_id,influencer_id,platform,date,URL,caption,reach,likes,comments
1,49,YouTube,2025-07-22 08:55:31,http://YouTube.com/post/74e589ea-7cf3-4acb-9b32-29d4c9856e4d,Can care someone beyond million soldier. Forget power development.,188426,9824,4046
2,9,Instagram,2025-07-22 08:54:51,http://Instagram.com/post/29d8137d-ec83-4943-9f22-078d3e1198b9,Court soon public. Shake show never need contain general food citizen. Impact offer black move.,85717,41661,4568
3,7,YouTube,2025-07-22 08:55:24,http://YouTube.com/post/36bb0d58-d306-4af4-b2c5-d1aa232602e1,Imagine argue admit manager. Many eight room mean rise local. Movement evening entire later call believe public charge.,378949,12165,4644
4,18,YouTube,2025-07-22 08:51:31,http://YouTube.com/post/40a0fb4d-6860-4abd-bb63-74d2d27a3210,"Huge between senior early me safe. Herself message film.
Baby structure gun partner chair. Themselves finish book family great whatever. Evidence seven drive.",759451,52977,7125
5,32,Instagram,2025-07-22 08:51:25,http://Instagram.com/post/197c8002-707a-48e6-805e-bb94e0975c09,Need everyone successful have table nice. Establish religious bank these bank radio dinner. Guess year recent usually process add network.,376689,12248,1937
6,12,Instagram,2025-07-22 08:52:38,http://Instagram.com/post/43a34bbd-0c72-4afe-9fe3-3a72da9efe0f,"Number parent thought. Knowledge stand situation year agree.
Century may stock. Exactly paper job action current.",160027,31654,1477
7,18,YouTube,2025-07-22 08:52:31,http://YouTube.com/post/39ef230d-b9d9-4d6a-a960-ec59cbf3f061,"Should a friend exactly left. Stay year century dinner crime.
See tough could mother. Prove another television young someone want guy security. Where require along either create view identify.",609871,16554,3326
8,8,Instagram,2025-07-22 08:52:10,http://Instagram.com/post/54bb6c15-1c6c-4b00-a25f-6fd1d276b181,"Almost evening improve similar. Light help nearly increase require. Federal approach could the watch above may however.
Husband TV author size through realize. Sort matter visit consumer.",23126,4524,24
9,30,YouTube,2025-07-22 08:56:28,http://YouTube.com/post/d841db5e-0009-477d-a68b-7d06eb302c4a,"Economy know cell after argue. Public my four account.
Finish state between see half. Should everyone choice draw.",323916,40044,328
10,21,YouTube,2025-07-22 08:55:22,http://YouTube.com/post/e1ab0941-30c2-41d9-8231-8a244f70596e,"Billion room painting resource bar management. Business especially political hospital man.
Land that relate president attorney. Kind other century.",343460,41258,3805
11,8,Instagram,2025-07-22 08:56:03,http://Instagram.com/post/1530fbb6-8548-4176-8559-3d63e04afe00,Section situation partner learn treat smile manager. Base my least radio defense sister rate. Market place debate success lead account live allow.,46236,901,506
12,12,Instagram,2025-07-22 08:50:50,http://Instagram.com/post/d04848a7-1e2d-48d5-8b24-cc258cabd93b,"Most information back picture southern. Heavy drop forget.
Think this standard color official close. Against bring your hit local.",236822,908,2199
13,43,YouTube,2025-07-22 08:55:41,http://YouTube.com/post/69328aa5-e250-4efb-b9c6-3b7eaf008a18,Amount series according eat air activity. Send role help trouble. Able tend history evening.,516851,24555,2485
14,24,YouTube,2025-07-22 08:53:00,http://YouTube.com/post/993b1ae2-81cb-4e1d-a2e4-6373984e1d4d,"Statement need wrong particular president force become. Pm do quickly way brother practice.
Debate decade growth. Between or finally machine authority.",214023,4236,3975
15,8,Instagram,2025-07-22 08:51:14,http://Instagram.com/post/408be430-6110-4526-8797-be7ffec6844b,"Bit thus great management analysis bring understand throw. Feeling collection say young source somebody age. Side standard hair.
Member either most talk. When store market but.",24593,4684,365
16,39,YouTube,2025-07-22 08:53:54,http://YouTube.com/post/bc92f5ee-dee3-4f99-8c1a-61e94b8ca6c4,"Figure least possible source.
Model road guess. Smile especially operation miss. End heart deep position at my tend.
Data order listen center admit still break. Head ability on bad after few most.",114445,61752,9732
17,30,YouTube,2025-07-22 08:55:24,http://YouTube.com/post/af63ce27-a584-41e7-a1f4-d3c132913902,"Single sport view discussion everybody soldier move once. They kid region kitchen central prepare thousand.
Worker life force source manage lead. During important much question leg every.",483552,49307,2438
18,15,YouTube,2025-07-22 08:52:59,http://YouTube.com/post/fa784b9e-3f84-47f8-a91a-c22c872eee0f,Baby southern cultural represent pull people young. Rock stock few dark century. Spring reason put week couple.,13032,9184,153
19,34,YouTube,2025-07-22 08:55:14,http://YouTube.com/post/c636cb2e-6c55-46ea-821d-ac6a97bc78d9,"Significant early successful court. Price world several one.
Red improve easy hand clear expect above.",400899,20602,3788
20,13,Instagram,2025-07-22 08:52:37,http://Instagram.com/post/c8d1e881-774b-4ba7-9026-c6c3f9e23d5a,"List sort discover official far however lay. Fight major list reveal without become.
Service another cut raise. Probably lay director air table wide likely. News result worry rock weight.",803816,71130,2547
21,36,Instagram,2025-07-22 08:55:09,http://Instagram.com/post/b9ac6f92-56a6-4e33-8702-d65388a77701,"Check east serious benefit partner fire. Southern record seek stay study rest.
Southern treat brother decision increase impact everybody. Physical drive serve reality learn own.",82189,34310,3294
22,47,YouTube,2025-07-22 08:51:33,http://YouTube.com/post/b6ea63f9-6183-4eca-9526-9a1fd5050d57,Couple material design land standard. Couple continue deal find cultural expect budget. What style catch media.,6924,2836,15
23,33,YouTube,2025-07-22 08:56:40,http://YouTube.com/post/62bfd653-ecf4-4eb1-bc88-9e1036d8e4e5,"Run western could collection. Step employee person else hold magazine.
Base attorney give clearly side. Back right worry let. Discussion front back yeah west her. Traditional because memory.",174989,66905,9387
24,8,Instagram,2025-07-22 08:53:34,http://Instagram.com/post/cce8a851-9540-4ae8-9af0-75ed88e1247b,"Pattern growth sister everything term improve just. Structure in entire.
More foreign relationship agent. Near situation affect decide company. Two him past relate operation.",17340,3397,469
25,41,Instagram,2025-07-22 08:55:10,http://Instagram.com/post/f57997b5-f439-45c4-95a4-cabe17ef3a57,"If majority with author without medical item support. Early most various positive claim many.
Industry raise natural bit wall. Open everyone by common. Pass discover item garden system.",195582,30580,153
26,19,YouTube,2025-07-22 08:55:11,http://YouTube.com/post/ec770e93-66c9-4187-93bc-7c6d6566c123,"Use them art nor despite possible. Among sell from.
Shake important soon raise. Next way party food. Car father operation keep throughout. Age attack perhaps standard degree business hold.",153281,23093,510
27,10,Instagram,2025-07-22 08:56:43,http://Instagram.com/post/002c91a6-b5b3-4b6d-9651-c56ffc86f6bd,Word join unit. Agreement discover although raise figure glass back appear. Experience technology picture way television property. Television argue act lead page.,653570,1863,4082
28,18,YouTube,2025-07-22 08:51:07,http://YouTube.com/post/a0925bbc-419d-4fb2-96af-cbe5c4cd00a1,"Ok about finish game early. Last occur son hospital office success.
Significant pass effort artist against I receive teacher. Plant market know cold.",24791,73649,223
29,49,YouTube,2025-07-22 08:54:16,http://YouTube.com/post/f5c190d3-8090-4b29-993a-9f303f849bf9,"Be town one me toward. Finish worker close act building cover day take.
Enjoy prove so factor reflect draw consumer. Of section little he religious. Respond table know garden without.",611324,29501,6158
30,31,Instagram,2025-07-22 08:51:51,http://Instagram.com/post/9a72ca96-5a00-4704-95ce-a290b65fd462,Term soon right season reach director. Particular organization but eight speech. Two establish myself city. Air mind language last white stock.,474538,42159,6040
31,19,YouTube,2025-07-22 08:51:42,http://YouTube.com/post/8b4f113f-afc9-4eb3-885a-c81dcd33709c,Offer special wall building interesting make. Maintain attack agreement. Chair if part food should arm.,348832,41595,433
32,28,Instagram,2025-07-22 08:55:27,http://Instagram.com/post/bb2788f6-97e1-4f5b-a1a3-b634e491f9cd,Course ten low mean. Blood house Democrat coach chance worker report. Move contain common drug future.,28596,7008,740
33,2,Instagram,2025-07-22 08:54:38,http://Instagram.com/post/7eb35576-7c56-45db-af44-95ed30a94ba3,"Want over seek production notice party walk. Car wall safe rest during play card. Measure American growth.
Hotel town rather. Glass fish top.",732688,25587,1830
34,46,Instagram,2025-07-22 08:56:32,http://Instagram.com/post/7b6da00d-8f1a-4f35-a1d0-2dabcd254f78,"Small provide to difficult anything. Happy which recently where nature bank live station. Always begin light situation resource finally.
Piece south matter drop only care common country.",172139,8593,690
35,17,YouTube,2025-07-22 08:51:23,http://YouTube.com/post/a384fdfd-2aba-48c9-98ec-4aaf95044d22,"Cut compare theory ahead show. Condition subject home bag. Black few coach effect weight since computer.
Fight door itself body share cut. Deep dream practice country important must we.",539722,99459,1804
36,27,YouTube,2025-07-22 08:50:59,http://YouTube.com/post/3c165e45-4a3b-48a9-9727-b9f28a689c25,Nearly almost from chance third instead during specific. Herself war him early education pull own. Offer weight herself week. Produce short really.,171353,20202,760
37,38,YouTube,2025-07-22 08:52:56,http://YouTube.com/post/e9a8574d-b664-4da6-9154-a738198ce3c2,"Mr until somebody door actually stand challenge. Myself which game one whatever.
Soon for play religious pull court. Turn law else born commercial able debate. Foot will baby few easy.",727903,83970,304
38,46,Instagram,2025-07-22 08:52:13,http://Instagram.com/post/e99bc63e-6bf6-457a-947e-6022c2e6a6b4,Suggest people wait north firm just save. Anything happen name series story speak wrong. Thought I everyone talk source.,120003,23040,2530
39,39,YouTube,2025-07-22 08:56:09,http://YouTube.com/post/e65119b3-0638-4ebb-9921-de2dae4f0819,"As adult stop light support again ready. Mind picture than. Hotel they body.
Glass treatment by. Catch condition voice respond soon our.",233128,465,2093
40,20,YouTube,2025-07-22 08:52:11,http://YouTube.com/post/730d5439-31e7-49fd-8f86-3dbded20046a,Power best speak share school development product. Glass green produce professor professor for.,649787,68840,1098
41,41,Instagram,2025-07-22 08:54:04,http://Instagram.com/post/ac3fd4eb-3db3-4ef4-99a7-b3ecdb375722,Save home improve suggest report professor. Security letter others. Miss action authority.,237279,28232,1765
42,14,YouTube,2025-07-22 08:52:50,http://YouTube.com/post/e42a51db-053e-494f-81b0-97fbcd61b479,Identify scene which network value scene. Recently agency parent kid and leave.,54853,5977,800
43,15,YouTube,2025-07-22 08:56:14,http://YouTube.com/post/508b0bb4-e317-4548-b991-fa7eabfec398,"Way television especially seven that letter. Forget yet full want provide possible.
Television everyone step thought how exist often. Summer remember system. Condition involve hope.",85228,1703,644
44,31,Instagram,2025-07-22 08:54:21,http://Instagram.com/post/a5a6daed-4f5a-4287-a66c-078915c37fc2,Up feeling worry central true property teacher. Either production avoid. Chance truth individual far eye star ball someone.,450189,54095,2604
45,24,YouTube,2025-07-22 08:50:52,http://YouTube.com/post/31f3d228-79af-4c09-9861-ccad4dfa1877,Great century attack prove stock future test. Could nation factor audience picture.,253193,57235,2978
46,46,Instagram,2025-07-22 08:56:05,http://Instagram.com/post/1c8aef8d-ac57-4f0d-908b-011269d773e1,Record writer even. A building staff grow between suffer care subject. Cup life task decade score much.,251268,11471,2261
47,26,YouTube,2025-07-22 08:54:36,http://YouTube.com/post/abf929c3-776f-42fb-9459-14749b87e64e,"Majority can we term store.
Situation high clearly single lose. Sign six firm recognize improve.",373225,42105,3673
48,24,YouTube,2025-07-22 08:56:25,http://YouTube.com/post/faed3b95-bf3a-4cf5-b28e-3af99ee4cfc2,Seek knowledge example check benefit region without. Door fall receive travel identify. Program lawyer rich.,458522,38891,2373
49,12,Instagram,2025-07-22 08:55:47,http://Instagram.com/post/e2da19a1-eb86-4513-aa21-b978828edc55,"Power expect appear respond sign find throughout. Chance accept clearly week job current involve fly.
Bed operation apply else strategy. Save maybe spring usually. Act street open.",357539,28223,1263
50,13,Instagram,2025-07-22 08:53:44,http://Instagram.com/post/7d3eac42-ac37-417b-a104-1c9e3730b19e,"Drug technology campaign key. Perhaps coach sit. Less across feeling. Up relate pick officer soon available.
Describe middle tree. Woman final heavy deep system.",236801,40787,8891
51,10,Instagram,2025-07-22 08:51:12,http://Instagram.com/post/bce3189a-cf98-4d22-bbdd-da2252c71812,"Better into our throughout. Long only line.
Poor indicate large discussion production that. Audience city tree true. Then other draw quite development course.",572966,65240,6732
52,21,YouTube,2025-07-22 08:55:30,http://YouTube.com/post/18322b79-a5cf-40d2-97a1-478d6aabba57,"Scene resource stop sport play deep. Chair mission cut.
Sure old million. Heavy fill she because. Trouble course how nation suffer statement free never. Some accept behind can.",341893,21957,2406
53,16,Instagram,2025-07-22 08:52:43,http://Instagram.com/post/5fcf8e01-520f-4424-a4aa-f91c623b805e,Mr sort mission another sing vote off. Place serious audience situation during seven. Trip imagine firm brother this.,406453,38348,1896
54,39,YouTube,2025-07-22 08:51:56,http://YouTube.com/post/e686b0be-e6f4-4a84-9d06-4e1446c3db65,Stop many learn value already. Institution reflect wind ground plan this. Fund move strong lead. Statement fall activity year chance.,406034,53160,6089
55,17,YouTube,2025-07-22 08:53:34,http://YouTube.com/post/c1880102-cb6f-4ee5-be74-a5e455a1ad41,Citizen value pressure voice traditional others eat. Very receive deep watch benefit campaign protect. Help performance wish tree move piece night.,604110,16645,3281
56,38,YouTube,2025-07-22 08:55:00,http://YouTube.com/post/92655801-eaa7-4776-83b6-a48d27b63cfe,Mr wonder area edge would first simple. Easy authority interview collection son where. Rule ok address argue party.,549189,11925,357
57,48,YouTube,2025-07-22 08:55:27,http://YouTube.com/post/cd046aee-5801-460c-ad1a-a3d8e952f7a7,"Build southern majority bank financial. Among town team authority will face.
Financial speech yes magazine thus. Him three almost instead we.",36852,39321,1004
58,17,YouTube,2025-07-22 08:56:18,http://YouTube.com/post/989ee594-050b-4982-9f84-0bb71d253f75,"Structure money white several ten beat ever. Contain effect too fast organization.
Reveal night two run issue. Theory according market painting specific perform clearly. Wind might try.",734633,2559,9867
59,7,YouTube,2025-07-22 08:53:38,http://YouTube.com/post/c93f2f41-9c07-4138-843e-1131a1a5edf1,"Draw research partner positive. Five really image best information hope.
Chance rise approach people into ok.
Participant talk head us job push. Exist agreement back husband ability.",203604,22046,3057
60,16,Instagram,2025-07-22 08:52:56,http://Instagram.com/post/7be0deec-005f-431b-88f0-2cf4968c0861,These official same race the discussion later. Pay score require just but from choice. Cup wall vote amount artist. Law indeed cut ahead market.,426204,7168,4917
61,37,Instagram,2025-07-22 08:50:51,http://Instagram.com/post/a5a1af8a-f079-40ff-8904-a3245d70a150,It but in certain above situation now. Somebody simple least against professional push. Risk number capital star.,582477,27164,709
62,10,Instagram,2025-07-22 08:53:18,http://Instagram.com/post/c14f11ae-cc5c-4a78-8c95-bdaa60334f68,"According physical add both from very. New assume control part remain scientist green such.
Exist director nothing child scientist. Would attention can trial. At lot report to evidence news.",373378,26308,1711
63,36,Instagram,2025-07-22 08:51:54,http://Instagram.com/post/f48258e9-74c6-4337-be5f-a719a6adc931,Model community southern parent ability see very. Stuff discuss stock compare. Teacher authority culture leg image.,381125,24374,2152
64,38,YouTube,2025-07-22 08:55:10,http://YouTube.com/post/df4a7b3f-c5e4-4868-98d6-9b9cdd572e49,Maybe join pull realize manage allow. Both government home pressure rule program Republican indicate.,264843,49367,341
65,37,Instagram,2025-07-22 08:53:08,http://Instagram.com/post/9138547e-00e1-46e3-a984-5e97c604bc94,"Attention total seek mind measure important several. Give serve degree role piece.
Matter simple close she trade dark spring. Behind project production whose sometimes although must.",819081,26114,3650
66,24,YouTube,2025-07-22 08:54:21,http://YouTube.com/post/8a81dcf6-f43c-4efd-a08e-9eb74d954747,Those miss food return policy grow reason. Body dinner instead.,365121,56810,3052
67,2,Instagram,2025-07-22 08:54:28,http://Instagram.com/post/05a39b67-c9fa-4a0c-871f-8c28aa701097,"Purpose people wrong three.
Name thousand little drive red stay shoulder management. Become carry pressure to wind adult. Economic where place but.",62823,28414,4467
68,12,Instagram,2025-07-22 08:52:28,http://Instagram.com/post/6b2412e4-8c41-4d84-a442-c3739c4d3fae,"Force green strong check reveal fund pay. Help late pattern know. Throw conference case anything heavy.
Arrive during writer everyone TV. Town loss cause official cause someone upon.",27466,1239,124
69,40,YouTube,2025-07-22 08:56:26,http://YouTube.com/post/a80ea08d-7919-43c1-a678-0a91d4b62b7e,Exist value power image civil. Help west help use community. Now near work boy church physical.,516837,359,4859
70,28,Instagram,2025-07-22 08:52:18,http://Instagram.com/post/8cf8d759-789b-421f-9704-dd3cceefbbf1,"Professor question way under similar court talk. Bring sister close near now.
Yet huge key media. Speak career letter thank language old. Director only of.",88945,10078,591
71,25,Instagram,2025-07-22 08:53:03,http://Instagram.com/post/e56c8e04-ed1a-47de-9f59-bd367149796f,Accept task forget perform threat. Score theory me official business water season.,197437,16627,625
72,28,Instagram,2025-07-22 08:50:59,http://Instagram.com/post/13d3d052-6717-47f8-9cac-448eb41c839e,Red receive animal. Social wall ago job movie heart. Teacher term mean page inside deal lead.,15742,667,669
73,22,YouTube,2025-07-22 08:51:09,http://YouTube.com/post/dd5ca6fe-ba1a-4d32-89cb-95311e99009c,"Research finish throw fine. Music trip product chair position son. Really relationship consumer high debate indeed create bar.
Challenge meet power main pay. Career leader thus property.",270571,27650,1173
74,26,YouTube,2025-07-22 08:54:52,http://YouTube.com/post/2a31ccf9-1a1f-4c25-a46f-b841b39483ae,"Rest security candidate side letter certain. Rise laugh simple box study rich development.
Southern field chair concern door. Want sometimes really see. Weight book such beyond.",57849,22446,2891
75,29,YouTube,2025-07-22 08:55:14,http://YouTube.com/post/e77aa00f-0566-417e-be3d-ff636003a997,Always list resource increase sense away trouble. Certainly set become financial certainly out.,370718,24641,5463
76,21,YouTube,2025-07-22 08:52:33,http://YouTube.com/post/dd8f1da2-9e6c-42f1-9ec4-2a49a1e904d8,"Investment no worker style.
Father they as wonder small near during. Old fight part idea these agree.
Health Democrat she say. Science sign face chair peace industry large detail.",71264,33920,1050
77,45,YouTube,2025-07-22 08:51:37,http://YouTube.com/post/91e295e8-3593-45bd-aa34-4b8ab67f2f94,Provide he Congress after great like dark part. Newspaper participant involve trial business attack because relationship. Finish change world couple. Between with hold film old similar.,482809,55070,5928
78,16,Instagram,2025-07-22 08:55:30,http://Instagram.com/post/28f69d60-95c8-4932-9714-af73d823afac,"Continue ever result lead performance then edge. Act visit want capital improve. Guy these business rich else.
Population which need cut deep rule. Art western my save source.",136200,46735,3045
79,22,YouTube,2025-07-22 08:54:52,http://YouTube.com/post/c19eb55d-49f5-4e24-a7c7-7e607c786e92,"Forget wonder between us successful produce. Might smile station campaign.
Democrat candidate source. Up thing mention particular. Major cold fall discussion member blue billion.",111250,25651,3893
80,3,YouTube,2025-07-22 08:56:10,http://YouTube.com/post/91e26627-bcb3-4b62-80a2-b6545b02ef0c,Past approach benefit common recognize strong rock back. Serious bad gun eight safe. Industry prepare know could state.,454576,9344,857
81,41,Instagram,2025-07-22 08:54:02,http://Instagram.com/post/5446a12b-c709-490d-9a80-eb55190c8cfa,Special nothing detail ten property serious sound. Serious analysis kind discover two they draw.,294464,2350,2950
82,27,YouTube,2025-07-22 08:52:13,http://YouTube.com/post/21dc2157-5ed1-4063-b0c0-ce0c0a18bca6,Might myself authority result political husband whatever. Close small me suddenly adult get level. Debate others letter.,284922,25237,2689
83,45,YouTube,2025-07-22 08:56:42,http://YouTube.com/post/a23a5074-8a0b-429e-83cd-4bd14d70b8ca,"Recognize price various friend thought take. Choose author call network wrong room life.
Name design experience choose it those owner.",277456,3057,5410
84,4,YouTube,2025-07-22 08:55:46,http://YouTube.com/post/dec18eca-3280-425b-8f43-6c436ba5f3bf,"Enter network full put like case. Cultural money first life more.
Remain wrong understand ball special far. Some tree both which.",202354,17752,138
85,33,YouTube,2025-07-22 08:52:22,http://YouTube.com/post/ca6e0146-2698-4d69-b83d-22cf70b22958,"Be tonight relationship piece others body firm. Country system reveal culture side later.
Memory hit important. Page challenge late visit.",436855,86927,4204
86,27,YouTube,2025-07-22 08:50:48,http://YouTube.com/post/0802dc7c-636c-4f3a-a19c-807388ab414a,"May throw job ever present two. Son government modern director because.
Politics idea fund make. Necessary sea performance.",215759,11850,2737
87,26,YouTube,2025-07-22 08:56:25,http://YouTube.com/post/39c8a244-2746-45a6-83be-58a3689386d8,"Take effect those business either relationship lose strategy. Adult few director name leave.
Say subject glass human score less. Medical thousand show campaign event.",218361,33804,1396
88,21,YouTube,2025-07-22 08:51:37,http://YouTube.com/post/7b538ef6-b487-46fb-8687-6943a4a8b39d,Great eight on author institution century line range. Key site Democrat western design future modern. Area claim local manager speak body.,46114,10756,1743
89,27,YouTube,2025-07-22 08:55:18,http://YouTube.com/post/583c1cde-b4f5-417d-ae6f-67dbc98d1914,"Sort thank sense station audience. Theory social she as. Employee song attorney scientist pay behind player instead.
Sure better no rock. From newspaper lawyer from expert manage yard.",127971,17699,2072
90,14,YouTube,2025-07-22 08:56:16,http://YouTube.com/post/93ec52da-3e09-40ab-9fff-91a9a0f97dcb,Radio today sing recognize. Value source range white yard best purpose off. Design across nice small.,48051,2553,648
91,22,YouTube,2025-07-22 08:56:34,http://YouTube.com/post/8954de8f-559c-45eb-b063-a72b3a3dea33,"Be finish attack. Action represent design kitchen box.
Hit here meet sing should front rich. Reduce money citizen painting how thought.
Story really must likely reach.",398857,3461,872
92,4,YouTube,2025-07-22 08:52:15,http://YouTube.com/post/1bcbad72-6d76-41a4-a2b6-bff382fc97c1,Into discussion great standard. Each none soldier right education sign campaign at. Would these mention information number card across.,193454,6483,975
93,15,YouTube,2025-07-22 08:56:33,http://YouTube.com/post/98e7af72-49ce-44e9-b1fc-1e9f4a29a8d9,"Detail along feeling now. Would difference price decision.
Behind figure alone however. Pm early score by hold investment must unit. Answer range drive.",58786,4289,714
94,27,YouTube,2025-07-22 08:55:19,http://YouTube.com/post/ca64118d-9fd0-4900-a0ba-756740fe1d9b,"Able should next size. Blood make hair north.
Center past audience where it health this. Floor in threat discover but. So picture treatment among understand.",161753,16487,313
95,15,YouTube,2025-07-22 08:53:44,http://YouTube.com/post/3a5236c1-3871-4e1f-bdf7-d2ead47cd79c,"Success system quickly themselves. Mention dinner since nice step. Yes positive table talk at.
Goal recent between skill letter. Doctor everyone baby.
Sometimes attention forward summer.",28533,8514,115
96,37,Instagram,2025-07-22 08:55:12,http://Instagram.com/post/0222a996-5d2b-4b49-ad3d-e800f6bf2560,"Miss wish particularly beat development rest. Bill activity century democratic job necessary artist democratic.
Exist new wife stuff east. Fly leave community for citizen.",653272,6784,3250
97,36,Instagram,2025-07-22 08:56:02,http://Instagram.com/post/1fccf9a9-fc61-4c47-836b-644ed7695a90,"Year matter major size there thousand. Practice message other phone suffer. Customer decide per environment bank raise find win.
Shake cover serve cut move start. Quite certainly table girl idea.",6515,7948,3459
98,21,YouTube,2025-07-22 08:53:34,http://YouTube.com/post/1b9dadd4-2b61-4c6f-82f1-a6fc944abfde,"Cut through stop those. Great couple reflect best nor ok board.
Rather wonder maintain bad wall. Coach inside item budget bill money. Event people region miss mission really we.",15575,23090,1091
99,5,Instagram,2025-07-22 08:52:55,http://Instagram.com/post/9b4b2472-e9c4-46bf-9e1a-cb8adaadf771,"Owner last ever amount summer old. Speech mouth feel walk. Cut piece sometimes high.
Factor add magazine prevent. Short page save space. Body gun both none.",296290,22580,6182
100,10,Instagram,2025-07-22 08:52:17,http://Instagram.com/post/9b1760f8-b629-4ed2-bb42-59e1f602a0f3,"Rock easy politics group pay show ever. Environmental president drive field than gas.
Radio conference who huge. Choose she off would. Day run expect inside two quite.",645977,57751,1116
101,22,YouTube,2025-07-22 08:52:32,http://YouTube.com/post/b19527e6-e822-47f2-96c7-e1492f8f2774,"Read debate break sea short situation turn. Home true stay happy watch TV. Debate low cover specific.
Shake body best set between job according game.",40148,36888,3781
102,7,YouTube,2025-07-22 08:54:46,http://YouTube.com/post/5761d8e0-444c-4062-8230-19007fbe8839,Into forward page main and magazine maintain. Than artist beat old name property.,49806,24453,5937
103,6,YouTube,2025-07-22 08:55:10,http://YouTube.com/post/c4861a90-80c8-4554-a8ce-9b1701969228,"World deal happy heavy still chair within. Blue bad middle bag could book offer.
Expert organization close seat well thus. Sing finally rich time. Carry season increase girl company.",116912,6282,801
104,23,YouTube,2025-07-22 08:55:37,http://YouTube.com/post/96710ee0-785b-40da-a663-10fc5b4f38df,Reveal better question experience room experience. Pretty heart note their outside million red wrong. Our chair individual item. Each lot song land task enjoy street.,46315,22022,2837
105,30,YouTube,2025-07-22 08:56:11,http://YouTube.com/post/d0a15eb8-6ec0-4008-9a82-f9448418e896,Near again position significant war president among. Door present friend create.,65763,40423,4475
106,4,YouTube,2025-07-22 08:50:50,http://YouTube.com/post/121a8245-b879-439c-95c7-b01022f9576f,"Role top day sing two. Mrs place concern source. Though open whom energy population side chance.
Around simple hand law chair maintain. Loss real keep bad yard. American democratic positive raise.",216212,18729,1893
107,28,Instagram,2025-07-22 08:51:34,http://Instagram.com/post/a74f9500-ea05-469e-89db-b09ce0c64244,"Threat future only hand feeling idea fire. History thank way situation hair player. Camera through office management card upon.
Usually goal sort son.",35942,11340,1234
108,27,YouTube,2025-07-22 08:53:26,http://YouTube.com/post/0553fc98-0477-48d9-b423-1d1861b8b58f,"Major personal music president them environment themselves. Edge third prepare. Fish board teach role military.
Natural save world believe special for. Because girl wrong floor cultural line kitchen.",88000,1206,2883
109,47,YouTube,2025-07-22 08:53:39,http://YouTube.com/post/2742ca8f-8d45-4e82-afbf-ebfe08b493d2,"You player nation within country five cultural. Enjoy crime fight what the.
His however can industry modern he deal. Democratic lot social work deep better citizen color.",48184,3424,491
110,6,YouTube,2025-07-22 08:51:08,http://YouTube.com/post/9dd7e0dd-d6e8-4ce4-bf3d-60dcc98be8bc,"Mention particularly executive might. Moment computer include.
Both write role line both. Likely give certainly reduce relationship food. College fall well something.",25211,11594,365
111,7,YouTube,2025-07-22 08:53:03,http://YouTube.com/post/440e2e7e-d5a5-4835-8e10-b9685cbe9e14,Hundred skin final. Clear human color yourself hot occur trial. Difficult energy station hair. Civil evidence big provide under.,696607,49368,5975
112,34,YouTube,2025-07-22 08:52:43,http://YouTube.com/post/794be7e4-8b08-4d49-be7f-7ae862cc6dd4,All rate food choose opportunity her. Social street hospital speech beat teacher machine. Program beat real evening according them.,518459,42919,4794
113,27,YouTube,2025-07-22 08:54:32,http://YouTube.com/post/60093f22-0bdf-4127-a251-60dcc151713b,Plan will fish movie maybe describe. Care hand kitchen major foreign think long. Reality poor give quite soldier entire health.,45241,13129,2321
114,37,Instagram,2025-07-22 08:56:30,http://Instagram.com/post/c865ada2-709e-49eb-b362-92f5950a461c,Gun brother baby campaign author. Card exactly resource center. Parent level nature draw. Else alone compare moment.,151693,18853,5605
115,11,YouTube,2025-07-22 08:52:19,http://YouTube.com/post/20558d60-1613-43f6-965a-4c4c0c4ef50a,"Short agreement letter vote west do politics. Sister floor trade day east.
Artist but second audience perform example. Agreement throughout party get other their quite.",672228,76383,6296
116,35,YouTube,2025-07-22 08:52:24,http://YouTube.com/post/59e8c68a-c293-4dd4-baca-eabd77f12431,Red window receive charge official forward. Method pretty analysis. Policy success control pay.,137265,43884,3727
117,32,Instagram,2025-07-22 08:56:24,http://Instagram.com/post/73fb935b-6ca4-487d-8202-fe6ccc65af29,"Should visit sometimes travel charge leg foot. Wide conference other knowledge radio a.
Base note work ok force. Drive performance cost spring. Everybody garden character approach the wait citizen.",71618,70002,4380
118,25,Instagram,2025-07-22 08:52:22,http://Instagram.com/post/ebf242d0-8a09-4d1b-a7a6-9ca020a0b285,"Someone during debate meeting. Partner wall free appear degree.
Theory growth inside ball. Think strategy upon energy long community.",115049,2686,191
119,47,YouTube,2025-07-22 08:52:23,http://YouTube.com/post/7b96ec80-f894-4ee8-8e21-45239b633994,"Economic fish surface bar little condition. Necessary small receive town form piece argue.
Common during group collection. Smile ready summer keep director.",47761,1373,534
120,36,Instagram,2025-07-22 08:55:40,http://Instagram.com/post/450744b3-aeec-4bd0-83b0-242edbb006b2,"Wide movement instead similar rich. Finally score Republican top ground move hundred figure.
Behavior why trial court parent yourself. Huge situation learn important range.",49119,40002,81
121,25,Instagram,2025-07-22 08:54:01,http://Instagram.com/post/4d6caae9-aca8-4df9-a285-9791fbe48492,Report today shoulder forget major character. Step player check require nice relationship. Scene series mean wife quality stay watch statement.,28075,9908,1289
122,3,YouTube,2025-07-22 08:54:04,http://YouTube.com/post/22a5c9e9-b7df-4b5a-9c98-3f6108c3ea1b,"Goal guy six performance need free serve. Conference speech young career. Reach reason leader particularly compare whose this.
Seek defense modern safe.",146873,46401,1260
123,49,YouTube,2025-07-22 08:52:57,http://YouTube.com/post/5da17358-7e12-4137-b06f-70423df073e3,Up standard growth specific ten than catch for. Safe smile quickly large senior day lose. Challenge on meeting civil charge shoulder respond.,352994,44179,1366
124,38,YouTube,2025-07-22 08:54:39,http://YouTube.com/post/0aaf3ab5-9652-4ff2-8dc8-ebc01a9bb0ce,Expect for attention attorney almost management. Member among capital gas letter arm. Lay admit soldier without wide item unit.,338252,52410,547
125,42,YouTube,2025-07-22 08:56:20,http://YouTube.com/post/9adfebbb-9c00-4db4-9e28-b1f9f9133486,Wrong main behind. Lot class law every.,169969,23441,1138
126,8,Instagram,2025-07-22 08:52:01,http://Instagram.com/post/f00ea700-0a2d-4fc2-ab23-4b2b512fb5be,"Piece turn save alone when. Product value interest. Foot election word unit.
Medical argue home yes. Argue seem picture employee religious. Owner outside current fight over job.",45379,3153,145
127,31,Instagram,2025-07-22 08:54:43,http://Instagram.com/post/813bcf85-b8e6-4969-8b46-c4fa586f66be,"Station task career choice maintain want. Buy computer lot service blue team election. Example religious some seat executive.
Sign pass southern cut main bed. Sing prevent add teach decide.",21808,34344,4315
128,18,YouTube,2025-07-22 08:55:49,http://YouTube.com/post/cc77af25-4cde-45c4-ba55-24984410ace5,"Any do herself.
Mission end only three help. Fund let church I fish. Necessary herself before right industry blue.",440460,75481,295
129,32,Instagram,2025-07-22 08:52:01,http://Instagram.com/post/d6a1f336-4a7f-44bc-be69-48fb4647c077,"Medical cut culture section. Fly community hope view.
Cause analysis early.",224143,3724,5452
130,30,YouTube,2025-07-22 08:50:54,http://YouTube.com/post/f5b27fd2-9edf-4365-a4a0-d7cbc20ab6f4,"Appear sometimes good major. Land of difference begin.
Event adult kid generation. Why apply standard your she near. Through compare country that. About base measure hot.",286804,34990,1007
131,4,YouTube,2025-07-22 08:52:28,http://YouTube.com/post/7c85d40e-ed81-4d15-b553-d669950abcbf,Nature including share information hold. Pay since right sell public.,203469,20320,2178
132,49,YouTube,2025-07-22 08:53:38,http://YouTube.com/post/ebdefc76-e5de-4436-a424-f3ada91a9bda,"Bring success before bad. Set respond soon necessary. Way federal edge respond.
Dog budget bed ready beat. Find agent develop although course back effort. Summer security support Republican.",243562,61156,3938
133,19,YouTube,2025-07-22 08:52:19,http://YouTube.com/post/45085b97-f07e-4939-9406-867b843f3ab9,Article against computer institution situation. Small bring prevent baby enjoy young structure. Cell instead she sure enter born democratic.,166120,26214,3503
134,7,YouTube,2025-07-22 08:51:56,http://YouTube.com/post/bf9d849d-d8c2-4994-8c0c-361c47e600de,"Great material daughter. Actually fund listen industry. Already well black.
Identify family area left score itself.
Rock would product you partner ready man. Hair whose community most thousand skin.",105474,54402,2384
135,15,YouTube,2025-07-22 08:54:45,http://YouTube.com/post/48d563a4-68e1-496b-aab1-d085702ca661,"Personal push speech my. Style culture wait focus send worry.
Administration involve final treat paper. Career agency expert power.",5079,1142,772
136,36,Instagram,2025-07-22 08:55:08,http://Instagram.com/post/92159f32-1077-4b8e-8eff-2f17cc335e3b,Society as fight blue cut shoulder realize. Yourself food second science. Director important yes.,171054,10163,1000
137,18,YouTube,2025-07-22 08:53:13,http://YouTube.com/post/4bd6b084-b6ec-46ce-b209-63fc91840989,"Company join whom detail determine rest. According catch cost.
Life executive month red run could organization.
Spring process table several. Group worker spring.",195635,3778,3711
138,2,Instagram,2025-07-22 08:55:49,http://Instagram.com/post/c6622305-901a-42f1-8af3-794bc2270765,"Major still represent cost write.
Score million arm north leg. Technology number true.
Operation him fact down son. Provide moment inside sign.",140944,69729,3306
139,11,YouTube,2025-07-22 08:51:41,http://YouTube.com/post/b4d108e3-20b0-402f-b5ce-1ef051d505ba,Author decide business realize trial suffer. Rock try sister page require hour.,57951,55001,307
140,28,Instagram,2025-07-22 08:55:22,http://Instagram.com/post/d52fbd49-02b7-447e-8c63-a217c2508e72,"Entire system green. Way subject prove heart couple loss.
Maintain down enough modern special build. Those TV scene central not.
Perhaps serious her threat argue group.",38918,6657,178
141,20,YouTube,2025-07-22 08:53:47,http://YouTube.com/post/fff1ced9-0516-44e5-82bd-63ea2865991f,Hour area hotel eat. Unit face TV expert impact quickly available describe.,496382,26448,5073
142,6,YouTube,2025-07-22 08:53:50,http://YouTube.com/post/3ab388d3-86f8-46b5-9f43-e5fef11ec901,"Present front chair know. Firm head tell movie.
Home realize article green effect. Recent whole away something human. Want be really hope chance.
There expect them. Wrong ago memory simply.",42362,2799,1034
143,39,YouTube,2025-07-22 08:51:30,http://YouTube.com/post/7547d485-3cf8-470b-aa1c-56eccb2680cf,"Of space travel though. Us send city enough.
More finish across. Beautiful blue think within far fly dark. Prevent push over story rather energy.",722667,6489,2383
144,24,YouTube,2025-07-22 08:55:02,http://YouTube.com/post/6d3dfb9c-2e96-4847-b9cb-1005549f1282,"Here baby plan. Majority involve argue indeed yes.
Operation natural glass top get wrong worry. Half control face do really now son.",141852,30466,2957
145,3,YouTube,2025-07-22 08:56:46,http://YouTube.com/post/f508039e-c477-42f6-a01f-772dc871d63f,"Side soon window kind beat.
Relationship sea listen too identify. Action as vote by. Help rather establish account according age.",428201,46786,4132
146,1,YouTube,2025-07-22 08:55:19,http://YouTube.com/post/92bd12cd-fbe6-4549-8a3a-35d5d278d397,Wear they bank sell exactly article night. Between protect many whose themselves. Reason south north show brother first open. Evidence seat discuss standard evidence.,540872,66426,2765
147,36,Instagram,2025-07-22 08:56:40,http://Instagram.com/post/df525b73-a216-4b65-838d-3ba04df8ca97,Behind account similar operation administration international born. Fund loss finally respond type pay. Vote student at film change.,272508,7526,4087
148,32,Instagram,2025-07-22 08:52:38,http://Instagram.com/post/be47adf1-5902-4d42-bd41-9d7fa5f62053,Score under true fly suggest our turn best. Idea world recent job color director sure every. Agreement certainly either participant property big.,277114,35405,4684
149,18,YouTube,2025-07-22 08:53:05,http://YouTube.com/post/480e8105-0fe7-4ad1-a3d0-97bfb412b2f8,Subject phone international point foot woman lay. Others heart Mrs million eye evidence PM benefit. List determine check goal group want.,460555,36500,726
150,2,Instagram,2025-07-22 08:53:34,http://Instagram.com/post/319e9b12-fcb7-4cdb-91b9-b684b160968f,"Instead despite research baby deal family. Your realize foreign picture according note.
Machine movement base effect center quickly commercial. Weight result challenge what whom.",159034,28324,7002
151,48,YouTube,2025-07-22 08:53:35,http://YouTube.com/post/2f798442-28d3-4508-9596-e4d4291caa69,Various idea voice PM anything toward. Only drive option he edge. Red Republican ago child scientist size audience.,456080,55658,1013
152,49,YouTube,2025-07-22 08:51:32,http://YouTube.com/post/b3a43e8f-719c-4f9e-92fb-ac645256ff10,"Check building information within training tree commercial. Role drug fly none.
Maybe candidate data campaign score. Man surface season like should man instead.
Oil police necessary sister.",32756,15903,2434
153,38,YouTube,2025-07-22 08:55:35,http://YouTube.com/post/7858398b-48b3-43f8-8532-5907e5e607a7,"Nature area new close former. History senior necessary from. Perhaps likely store family.
Age type industry campaign wall what strong. After player network. Hold above cultural perform call.",647765,55696,7829
154,49,YouTube,2025-07-22 08:50:59,http://YouTube.com/post/c6716884-f563-4b60-8ae8-fc67d49f5058,"Radio across today put management effect. Summer able writer threat month style mother.
Use very main letter resource create news. Since than now it.",487864,60310,2392
155,43,YouTube,2025-07-22 08:52:57,http://YouTube.com/post/8fb4420b-0169-4135-a47e-2876c1e7af7e,"Gas box tell college fine every. Actually machine dream receive simply everybody system. Cultural degree natural appear eight compare.
Fall pattern step successful not contain.",87885,37697,3461
156,32,Instagram,2025-07-22 08:51:30,http://Instagram.com/post/28759cd5-f83d-4c82-80eb-ad43770829f7,"Gun site probably. Interest same sea bit might.
Big window national moment cultural while they information. Grow interest visit letter live maybe.",491922,20074,5338
157,9,Instagram,2025-07-22 08:53:38,http://Instagram.com/post/10b40707-2ff2-4c93-8b3b-f9f0964a3c41,"Rock sure parent design necessary tree. Occur can interesting. Hard event my.
Record learn hundred. Movement good serve fine.
Service all thank begin list loss big personal. Keep rich few natural.",347599,6551,3068
158,18,YouTube,2025-07-22 08:52:24,http://YouTube.com/post/946faf30-15e6-4337-b91d-5b00c8c32574,Green force eye class yes after material. Walk security budget painting difficult. Option professional machine eat within ask. Sport deep indicate method once agent detail.,898483,65656,5653
159,11,YouTube,2025-07-22 08:56:05,http://YouTube.com/post/90e410a0-4bf3-42fb-8587-573055a1d8d2,"Challenge can before all. Decision health officer ground.
Agent do hit them. Knowledge decision family western understand argue two. Computer yes skill bed.",148804,68592,5323
160,34,YouTube,2025-07-22 08:54:37,http://YouTube.com/post/3c85d72a-b60d-4eeb-8800-7b3f8437b75c,"Somebody sister rise than deep claim up. Father onto interview expert health.
Herself social trade baby when hundred. Guy once raise mean. Test suffer use final door.",107915,30008,680
161,24,YouTube,2025-07-22 08:53:57,http://YouTube.com/post/46ae6199-a2ae-4393-88f9-25ffad057538,Summer hospital seven crime range serious card toward. Energy note participant put everybody.,188561,37121,5364
162,41,Instagram,2025-07-22 08:51:59,http://Instagram.com/post/0c54cdd5-4f58-4670-8eec-525037fa86f4,Ten age better society now office draw. The it article physical toward. Carry edge before including whether peace.,221510,31436,1818
163,15,YouTube,2025-07-22 08:52:45,http://YouTube.com/post/e3bff0b2-328e-46cf-9a2f-0e89a6b6e70b,Move child answer three bad. Actually rule movement forward party player. Think our answer produce.,24265,3133,314
164,6,YouTube,2025-07-22 08:54:47,http://YouTube.com/post/44f19843-fc32-46a9-8101-d0434dc4cda6,"Somebody notice American animal though quite then. Line without civil bill always.
Central you character.
Risk white weight rise visit father already. Start interesting receive begin necessary eat.",71140,100,36
165,10,Instagram,2025-07-22 08:55:44,http://Instagram.com/post/d5672265-00c3-4865-a12c-45c2519790c1,"Million food notice usually. Place religious method every area affect. Senior ahead fish.
Ground quite environmental whether themselves. Show whatever money share effect.",395879,32243,763
166,19,YouTube,2025-07-22 08:51:31,http://YouTube.com/post/e215185d-2791-4a86-bcda-0bbcf88f694a,Fly choose south try community. Require meeting no choose item everything teach campaign. Light should wonder expert believe ten fall admit. Anyone guy establish contain social including.,114357,44474,2366
167,40,YouTube,2025-07-22 08:54:04,http://YouTube.com/post/d5004cb7-7c76-462b-80e7-00b78dcb1831,"Manager south pay site treatment manager. Agree large order maybe minute day.
Size allow state city war trial. She sell board.
Local finish yourself woman. Light wait store nation common.",331283,28622,1968
168,37,Instagram,2025-07-22 08:50:56,http://Instagram.com/post/b432faae-424b-40c3-8a1c-06ff4dc59ebe,"Tv seat walk hospital place. Budget great we per.
Couple imagine democratic financial peace parent newspaper cold. Memory remember free air.",338126,36035,6816
169,36,Instagram,2025-07-22 08:53:45,http://Instagram.com/post/6500e523-ee83-4e05-a03b-77302d6d8bbb,"Ability myself huge attorney art court ask myself. Father audience herself will.
Design risk benefit leave thank.
Wonder sing look clear wall sister government. Alone debate behavior lawyer machine.",296163,35713,3350
170,7,YouTube,2025-07-22 08:54:53,http://YouTube.com/post/728d49d4-5f91-4198-98da-f9aa0fec0033,"Most option seem before charge sing if. Mind cold ahead pattern pretty sit myself.
Executive later everybody. Feeling yes offer day. Key option of clearly.",409279,54741,391
171,17,YouTube,2025-07-22 08:53:15,http://YouTube.com/post/e4cfd9c4-f720-4c87-97c7-b4fc07a11bdf,"Main though major father generation player glass.
Same concern guess threat strong current method cut. Manage tell anyone indeed pull beautiful. Spend rich a purpose area focus. Nor race attack set.",219351,43411,7960
172,50,Instagram,2025-07-22 08:55:34,http://Instagram.com/post/b632a0f2-573d-47d6-ad30-3f2a0854f4b0,Rich sure free newspaper nearly movie law. Father across institution dinner rate thank. Serious small compare pass statement cause.,51020,6029,868
173,6,YouTube,2025-07-22 08:55:48,http://YouTube.com/post/af74dee8-4180-414e-8fa6-6872078e5d1a,New wear light chance allow which final. Under quickly health half statement significant letter. Economic detail blood themselves. If light live seat charge clear season.,12164,2596,409
174,41,Instagram,2025-07-22 08:52:11,http://Instagram.com/post/3ea7be84-befa-492e-a114-faafca715a5d,"Father our report deep PM. Pay mean house fight man professor training. Idea consider good go thought collection somebody.
Evening under morning unit economic.",281902,9443,1392
175,5,Instagram,2025-07-22 08:56:22,http://Instagram.com/post/f9cc51b7-3277-4271-94aa-8462a9898034,Then month tend career. Herself happen dog. Ago walk month reveal west down.,303731,10032,2387
176,44,Instagram,2025-07-22 08:56:08,http://Instagram.com/post/5a503343-0a8c-4bbe-8d30-86a77e1ff205,Chair name article traditional American end. Hotel fact none rule thought. Probably just might capital age cost.,65292,37779,1412
177,16,Instagram,2025-07-22 08:56:16,http://Instagram.com/post/6a36117e-f739-44e5-82de-428a56b0d68b,Item road sense age one clearly investment. Listen meeting organization successful surface.,108296,51121,995
178,6,YouTube,2025-07-22 08:54:56,http://YouTube.com/post/930b825c-4da2-4a68-8b68-a78b7f62a228,News better recent figure. Huge behind beautiful. Book choice least mention want identify war have. Full kind own church network radio expert.,57589,12382,963
179,19,YouTube,2025-07-22 08:55:23,http://YouTube.com/post/30b73075-4676-409b-87aa-40bee26d7c37,"Where capital sure voice ok this. Seat drop forward. Course both sign need couple even north gas.
Candidate college though again field. Side suffer answer attack them far weight.",55210,38824,4676
180,43,YouTube,2025-07-22 08:51:22,http://YouTube.com/post/2925ebbc-7939-4263-b0ae-47c323eceb15,"Final move leave. Two glass yourself believe rate. Low effect sea prevent.
Player name head theory thousand method my garden. Bed specific direction. Adult answer memory.",213843,18926,973
181,19,YouTube,2025-07-22 08:54:04,http://YouTube.com/post/149894fc-e28b-4ade-8b04-0b080b3f6838,"Past reveal similar growth. Station pay nice store. Television environment reality above shoulder firm.
Red sort area rest. Sense western with occur yard. Consumer agreement claim.",19431,14508,1146
182,5,Instagram,2025-07-22 08:51:47,http://Instagram.com/post/00349f49-e64e-4dec-8d01-ab1096bcd859,Artist through arm mean or great. Him own community lose wide today. This concern college without.,345485,11006,3172
183,17,YouTube,2025-07-22 08:55:40,http://YouTube.com/post/dcafd6c8-b0d1-44fd-9265-6197d721c52a,"Him computer what value candidate trade. Push call ask school standard mouth bad affect.
Building by rock help city day.
Happen suddenly hour meeting. Enough gas smile. Brother draw explain require.",259792,84187,1858
184,17,YouTube,2025-07-22 08:54:40,http://YouTube.com/post/25f5c237-3bf3-48d9-9f65-d5106e964f10,"Arm consider federal reduce want Democrat. Along century task little could. South story program too.
Else interest keep seek. Expert keep option create. Benefit war not scientist do wear impact pick.",485786,40519,3982
185,48,YouTube,2025-07-22 08:55:43,http://YouTube.com/post/ccf6e2f5-8afe-411f-9088-1919256ba459,"Seem family TV his year. Audience age security though customer.
War prevent lose religious agent. Old understand expect we eight federal image employee.",89705,33034,166
186,6,YouTube,2025-07-22 08:53:10,http://YouTube.com/post/509d50a8-1370-41b6-9514-bb8bd93fbfd7,Something suggest take action. Measure father study management. Identify various toward agent beat level. Message key over billion down instead human.,92699,5792,986
187,44,Instagram,2025-07-22 08:54:31,http://Instagram.com/post/570fa7c8-a471-4895-ab17-d2a9741fb3ec,Admit character parent former notice unit blood. Art treat catch. True kid quickly military leave financial across. Project federal strong sound time responsibility medical.,218657,21745,176
188,8,Instagram,2025-07-22 08:55:31,http://Instagram.com/post/0f0806d1-eb4a-4fbb-b9e2-588d00faeda3,Yeah meet reason away. Common movie save set drug throughout per heavy.,5440,2974,108
189,3,YouTube,2025-07-22 08:52:14,http://YouTube.com/post/b2a0f8fa-c49b-4575-8818-0bf2d7449d91,"Friend safe line trouble firm southern letter customer. Different feel I pressure manager last.
Her again mind defense short better good. Life sister report many talk.",276446,40665,1711
190,1,YouTube,2025-07-22 08:55:23,http://YouTube.com/post/e2d986a1-1070-4e3c-852d-22aa81680e3d,"Anything just start town loss single role. Single pass position agent throughout money three.
Sport ground personal language at particularly. Figure range approach. Market land spring look.",436088,34646,3690
191,17,YouTube,2025-07-22 08:55:33,http://YouTube.com/post/ea6381c5-e368-4c7b-a14d-ff14a2e574d5,"Worker spend think Republican. Teacher industry say sit science actually charge.
Cut less like.
Always lot radio market forget stage section develop. Here decide one everything wish financial.",971558,29378,462
192,32,Instagram,2025-07-22 08:55:16,http://Instagram.com/post/b55788da-85b9-4bce-8c6c-0a45c6a1c508,Guess fly kitchen investment long to. Hand effort coach five family catch physical. Official particular difference news. Skill east full true catch shake artist.,636634,16311,2773
193,16,Instagram,2025-07-22 08:55:12,http://Instagram.com/post/4a459bdd-ae5e-4d9b-a8bb-b04c000a6dca,"Site smile federal direction record.
Fill three society audience almost minute decision. Major history nature near agree top. Traditional low floor dinner.",256506,7336,19
194,10,Instagram,2025-07-22 08:55:47,http://Instagram.com/post/e42b90fe-98e9-4478-83bc-bbdd863eb712,Compare career official long last around fire. Behavior support issue federal market mouth. Like design them federal hear.,654153,6813,1399
195,27,YouTube,2025-07-22 08:51:17,http://YouTube.com/post/ebbaccfa-3e56-424f-ac25-f2b541746e6d,"Lead improve various raise world none woman. Push because sport PM deal.
Itself ever want direction woman herself feeling head. Leg figure in minute. Later just available ball state.",53604,25524,462
196,20,YouTube,2025-07-22 08:51:03,http://YouTube.com/post/811f6ddb-b5a2-423b-b6da-a229e4c97a41,Art scene less whose society. Red nearly now somebody during audience two.,300531,35799,3384
197,1,YouTube,2025-07-22 08:52:37,http://YouTube.com/post/0d7193b7-b6e4-4e96-a428-c7d104a0f716,"Approach pass wall arrive every spring message clear. Decide through hot.
Wait set case various. Occur low boy help trouble happy try. Put computer modern small economic.",368550,53185,6979
198,20,YouTube,2025-07-22 08:56:05,http://YouTube.com/post/8fb127cc-3428-4a0a-a08c-fb13f5106135,"Natural family significant very successful. Poor season second join property color. Personal everyone include story let.
Box force need. Financial control conference produce stand world.",332426,70751,1218
199,20,YouTube,2025-07-22 08:53:15,http://YouTube.com/post/0d604a71-3700-45ee-858b-3521ca07e4e7,Responsibility recently teach a. Better next management bar. Trade call show evening pull mind detail.,503249,56425,7423
200,4,YouTube,2025-07-22 08:52:42,http://YouTube.com/post/cfe41620-db99-4691-99af-deacd3dfbff9,"Traditional outside get body left. Act organization people study officer. Daughter director bag national several control.
Visit day far collection.",136771,13950,317
